School,Conference,Games,OFF Rating,DEF Rating,OVR Rating,OFF Rank,DEF Rank,OVR Rank
Alabama,SEC,5,35.69,21.4,57.09,1,8,1
Notre Dame,FBS Independents,5,24.94,23.1,48.03,5,4,2
Utah,Big 12,4,20.14,26.41,46.55,12,2,3
LSU,SEC,5,22.34,21.51,43.86,10,7,4
Georgia,SEC,5,28.15,13.93,42.08,3,30,5
Texas,SEC,4,13.54,27.65,41.19,33,1,6
Miami,ACC,5,21.12,19.88,41.0,11,13,7
Northwestern,Big Ten,4,24.45,15.88,40.33,6,21,8
Ohio State,Big Ten,5,24.39,15.56,39.95,7,24,9
Missouri,SEC,5,15.58,22.62,38.2,24,6,10
Indiana,Big Ten,5,14.35,22.98,37.33,31,5,11
Mississippi State,SEC,5,22.9,14.28,37.18,9,28,12
Wisconsin,Big Ten,5,18.08,15.67,33.76,17,23,13
Nebraska,Big Ten,5,25.64,7.23,32.88,4,70,14
Kentucky,SEC,5,16.47,16.19,32.66,23,19,15
UCLA,Big Ten,4,24.06,8.51,32.57,8,64,16
Texas Tech,Big 12,5,19.22,13.12,32.34,15,39,17
Tennessee,SEC,5,17.6,14.24,31.84,19,29,18
Florida,SEC,5,28.94,2.54,31.47,2,99,19
Texas A&M,SEC,5,13.17,18.03,31.2,36,17,20
South Carolina,SEC,5,20.06,10.23,30.29,13,54,21
Oregon,Big Ten,4,19.8,10.48,30.29,14,52,22
Boise State,Pac-12,5,15.21,13.9,29.11,26,31,23
Florida State,ACC,5,15.35,13.75,29.1,25,32,24
Houston,Big 12,5,15.12,13.23,28.35,28,38,25
Baylor,Big 12,5,14.88,13.1,27.98,29,40,26
Penn State,Big Ten,5,7.46,19.98,27.44,56,12,27
Iowa State,Big 12,5,16.62,10.35,26.97,22,53,28
Idaho State,FCS / Non-FBS,1,15.17,11.74,26.91,27,47,29
Wake Forest,ACC,5,12.81,12.09,24.91,37,44,30
Oklahoma State,Big 12,4,10.16,14.37,24.53,47,27,31
Iowa,Big Ten,5,2.99,21.38,24.37,80,9,32
South Dakota State,FCS / Non-FBS,1,6.81,17.51,24.32,62,18,33
Auburn,SEC,5,4.48,18.88,23.37,73,15,34
Ole Miss,SEC,4,14.33,8.83,23.16,32,61,35
BYU,Big 12,4,3.89,19.17,23.05,75,14,36
Pittsburgh,ACC,5,6.67,14.96,21.63,64,26,37
UCF,Big 12,5,6.2,15.03,21.23,66,25,38
North Carolina,ACC,4,9.43,10.99,20.42,50,50,39
USC,Big Ten,6,14.59,5.82,20.41,30,79,40
Kansas,Big 12,4,10.4,9.43,19.82,46,57,41
New Mexico,Mountain West,5,8.11,11.62,19.74,54,48,42
Oregon State,Pac-12,5,6.24,12.93,19.17,65,42,43
Arkansas,SEC,5,6.93,12.09,19.02,59,45,44
Oklahoma,SEC,4,-1.33,20.34,19.01,112,11,45
James Madison,Sun Belt,5,10.44,8.5,18.94,45,65,46
Michigan State,Big Ten,5,-2.28,20.95,18.67,120,10,47
Purdue,Big Ten,5,12.6,5.96,18.55,39,78,48
Virginia,ACC,5,5.31,13.08,18.39,71,41,49
West Virginia,Big 12,5,17.3,1.01,18.31,21,111,50
Minnesota,Big Ten,5,5.32,12.65,17.97,70,43,51
Duke,ACC,4,3.57,13.71,17.28,78,33,52
Louisville,ACC,5,13.48,3.66,17.15,34,92,53
Clemson,ACC,5,2.87,13.38,16.26,82,35,54
TCU,Big 12,5,0.22,15.97,16.19,99,20,55
Michigan,Big Ten,5,5.62,10.55,16.18,67,51,56
Arizona,Big 12,5,9.24,6.36,15.61,51,73,57
South Dakota,FCS / Non-FBS,1,10.82,4.27,15.09,44,88,58
Utah State,Pac-12,5,1.68,13.26,14.93,93,37,59
Washington,Big Ten,5,2.72,11.75,14.48,86,46,60
Memphis,American,5,12.74,0.81,13.55,38,112,61
Illinois,Big Ten,5,8.06,5.43,13.48,55,82,62
Vanderbilt,SEC,5,7.06,6.14,13.2,58,74,63
North Texas,American,5,17.84,-5.21,12.63,18,146,64
Tulsa,American,5,3.47,9.11,12.58,79,60,65
Georgia State,Sun Belt,5,11.48,0.41,11.89,41,115,66
Liberty,Conference USA,5,2.37,9.5,11.87,87,56,67
Virginia Tech,ACC,5,12.18,-0.44,11.75,40,123,68
Troy,Sun Belt,4,2.22,9.4,11.62,88,58,69
Toledo,MAC,5,18.51,-6.9,11.61,16,151,70
SMU,ACC,5,6.73,4.36,11.1,63,87,71
Louisiana Tech,Sun Belt,4,6.87,3.84,10.7,60,91,72
UTSA,American,5,1.73,8.82,10.55,92,62,73
North Dakota State,Mountain West,5,5.35,4.96,10.31,69,85,74
Kansas State,Big 12,4,6.81,2.59,9.4,61,98,75
Abilene Christian,FCS / Non-FBS,1,-3.95,13.28,9.33,134,36,76
Montana State,FCS / Non-FBS,1,-15.05,24.02,8.97,192,3,77
Colorado,Big 12,5,-6.9,15.83,8.93,152,22,78
Arizona State,Big 12,4,7.32,1.01,8.34,57,110,79
NC State,ACC,5,5.54,2.64,8.18,68,97,80
Temple,American,5,1.88,6.08,7.96,90,76,81
Fresno State,Pac-12,5,-0.31,7.91,7.6,105,68,82
Army,American,4,3.64,3.55,7.19,77,93,83
Texas State,Pac-12,5,11.43,-4.25,7.17,43,138,84
Western Illinois,FCS / Non-FBS,1,-2.39,9.15,6.76,122,59,85
North Dakota,FCS / Non-FBS,1,-12.82,18.72,5.9,182,16,86
South Florida,American,5,-3.35,8.24,4.89,127,67,87
Sam Houston,Conference USA,4,0.58,4.12,4.7,96,89,88
Maryland,Big Ten,5,-1.58,5.48,3.9,113,81,89
Western Michigan,MAC,5,-8.0,11.32,3.32,160,49,90
Cincinnati,Big 12,5,1.8,1.33,3.13,91,108,91
Georgia Southern,Sun Belt,5,2.78,-0.32,2.46,85,120,92
Louisiana,Sun Belt,5,0.47,1.97,2.44,97,102,93
Central Arkansas,FCS / Non-FBS,1,-6.33,8.42,2.09,148,66,94
San Diego State,Pac-12,5,-8.19,10.19,2.0,164,55,95
North Alabama,FCS / Non-FBS,1,-0.99,2.99,2.0,110,95,96
Gardner-Webb,FCS / Non-FBS,2,3.73,-1.76,1.97,76,129,97
South Alabama,Sun Belt,5,8.31,-7.01,1.3,53,152,98
UNLV,Mountain West,5,-5.4,6.62,1.22,144,71,99
Georgia Tech,ACC,4,1.43,-0.57,0.85,94,124,100
App State,Sun Belt,4,4.53,-3.83,0.7,72,137,101
Youngstown State,FCS / Non-FBS,1,2.11,-1.47,0.64,89,128,102
Florida Atlantic,American,5,2.79,-2.42,0.37,84,132,103
California,ACC,5,-0.12,0.42,0.3,103,114,104
Colorado State,Pac-12,5,17.34,-17.04,0.3,20,188,105
Air Force,Mountain West,4,-2.7,2.49,-0.22,125,100,106
Syracuse,ACC,4,0.26,-0.92,-0.65,98,126,107
Central Michigan,MAC,5,-0.4,-0.29,-0.69,106,119,108
Southeast Missouri State,FCS / Non-FBS,1,-6.73,5.68,-1.04,151,80,109
Rice,American,5,0.19,-1.79,-1.6,100,130,110
East Carolina,American,4,-6.6,4.93,-1.67,150,86,111
Tulane,American,4,-9.07,7.25,-1.81,166,69,112
Arkansas-Pine Bluff,FCS / Non-FBS,1,9.53,-11.36,-1.83,49,167,113
Coastal Carolina,Sun Belt,5,-3.9,1.77,-2.13,132,104,114
Tarleton State,FCS / Non-FBS,1,-5.14,2.91,-2.23,141,96,115
Ohio,MAC,5,-1.94,-0.4,-2.34,117,122,116
Delaware,Conference USA,5,-3.02,0.12,-2.91,126,117,117
San José State,Mountain West,5,-5.22,2.15,-3.07,143,101,118
Arkansas State,Sun Belt,5,-3.95,0.8,-3.15,133,113,119
Kennesaw State,Conference USA,4,-9.34,5.99,-3.35,167,77,120
Jacksonville State,Conference USA,5,-3.8,0.36,-3.43,130,116,121
Colgate,FCS / Non-FBS,1,-17.36,13.66,-3.69,201,34,122
Nevada,Mountain West,4,3.96,-7.98,-4.02,74,154,123
Eastern Michigan,MAC,6,-1.59,-2.72,-4.3,114,133,124
Florida International,Conference USA,4,-13.68,8.69,-5.0,188,63,125
McNeese,FCS / Non-FBS,1,8.44,-13.6,-5.16,52,175,126
Rutgers,Big Ten,5,2.95,-8.3,-5.36,81,157,127
Alabama State,FCS / Non-FBS,1,-0.68,-4.73,-5.41,108,144,128
Navy,American,4,-5.05,-0.36,-5.41,140,121,129
Massachusetts,MAC,5,-4.84,-0.64,-5.49,137,125,130
Stanford,ACC,5,-0.43,-5.07,-5.5,107,145,131
Idaho,FCS / Non-FBS,1,13.31,-18.83,-5.52,35,194,132
Washington State,Pac-12,5,-7.15,1.61,-5.54,154,105,133
Marshall,Sun Belt,5,0.14,-5.86,-5.72,101,147,134
Boston College,ACC,5,-11.12,5.34,-5.78,174,83,135
Austin Peay,FCS / Non-FBS,1,-11.93,6.12,-5.81,179,75,136
UAB,American,5,-7.47,1.55,-5.92,156,106,137
UConn,FBS Independents,5,0.03,-6.12,-6.09,102,148,138
Indiana State,FCS / Non-FBS,1,-2.11,-4.33,-6.44,118,139,139
Illinois State,FCS / Non-FBS,1,-2.48,-4.53,-7.01,123,141,140
Missouri State,Conference USA,4,-2.63,-4.66,-7.28,124,142,141
New Mexico State,Conference USA,5,-4.57,-3.64,-8.21,136,136,142
Miami (OH),MAC,5,-2.33,-6.65,-8.98,121,150,143
Bowling Green,MAC,5,-11.17,1.93,-9.24,175,103,144
Kent State,MAC,5,-13.55,3.4,-10.16,187,94,145
Old Dominion,Sun Belt,5,-8.08,-2.89,-10.97,162,134,146
Northern Illinois,Mountain West,4,-7.61,-3.41,-11.02,158,135,147
Middle Tennessee,Conference USA,5,-10.96,-0.19,-11.16,170,118,148
East Tennessee State,FCS / Non-FBS,1,-13.07,1.51,-11.57,183,107,149
Wyoming,Mountain West,5,-18.37,6.51,-11.86,206,72,150
Northern Arizona,FCS / Non-FBS,1,-13.68,1.31,-12.37,189,109,151
Hawai'i,Mountain West,5,-8.04,-4.7,-12.74,161,143,152
Prairie View A&M,FCS / Non-FBS,1,-10.97,-2.07,-13.04,171,131,153
Cal Poly,FCS / Non-FBS,1,-4.92,-8.15,-13.07,138,156,154
Akron,MAC,5,-5.17,-9.16,-14.33,142,162,155
Furman,FCS / Non-FBS,1,-3.83,-11.34,-15.17,131,166,156
Montana,FCS / Non-FBS,1,2.86,-18.69,-15.83,83,193,157
Rhode Island,FCS / Non-FBS,1,-6.99,-9.05,-16.04,153,160,158
Buffalo,MAC,5,-1.02,-15.16,-16.18,111,183,159
The Citadel,FCS / Non-FBS,1,11.45,-28.0,-16.55,42,210,160
Ball State,MAC,5,-8.19,-8.95,-17.14,163,158,161
Eastern Washington,FCS / Non-FBS,1,0.68,-18.22,-17.54,95,191,162
Campbell,FCS / Non-FBS,1,-21.54,3.98,-17.56,219,90,163
Tennessee State,FCS / Non-FBS,1,-10.17,-7.82,-17.99,168,153,164
UT Martin,FCS / Non-FBS,2,-11.76,-6.34,-18.1,178,149,165
Southern Miss,Sun Belt,4,-4.94,-13.21,-18.15,139,172,166
UT Rio Grande Valley,FCS / Non-FBS,1,-2.26,-16.2,-18.45,119,185,167
Charlotte,American,5,-14.07,-4.48,-18.55,191,140,168
UL Monroe,Sun Belt,5,-3.78,-14.9,-18.68,129,181,169
SE Louisiana,FCS / Non-FBS,2,-11.09,-8.14,-19.23,173,155,170
Northern Colorado,FCS / Non-FBS,1,-7.56,-12.3,-19.86,157,170,171
UAlbany,FCS / Non-FBS,1,-25.23,5.04,-20.18,229,84,172
Weber State,FCS / Non-FBS,1,9.75,-31.83,-22.09,48,217,173
UTEP,Mountain West,5,-5.95,-16.2,-22.15,146,186,174
Long Island University,FCS / Non-FBS,2,-14.04,-9.1,-23.14,190,161,175
Western Kentucky,Conference USA,5,-13.13,-10.03,-23.15,185,164,176
Towson,FCS / Non-FBS,2,-11.05,-13.37,-24.42,172,173,177
Southern Illinois,FCS / Non-FBS,1,-11.64,-12.87,-24.51,177,171,178
Samford,FCS / Non-FBS,1,-11.52,-13.4,-24.92,176,174,179
Sacramento State,MAC,5,-15.99,-9.01,-25.0,195,159,180
Charleston Southern,FCS / Non-FBS,1,-27.39,-1.15,-28.54,232,127,181
Lamar,FCS / Non-FBS,1,-18.09,-10.46,-28.56,205,165,182
Stonehill,FCS / Non-FBS,2,-16.97,-11.89,-28.86,198,169,183
Villanova,FCS / Non-FBS,1,-10.4,-18.45,-28.86,169,192,184
Florida A&M,FCS / Non-FBS,1,-0.2,-28.8,-29.0,104,212,185
East Texas A&M,FCS / Non-FBS,1,-17.97,-11.49,-29.46,203,168,186
Maine,FCS / Non-FBS,2,-15.97,-14.07,-30.05,194,179,187
Northern Iowa,FCS / Non-FBS,1,-5.7,-24.95,-30.64,145,205,188
Wofford,FCS / Non-FBS,1,-8.67,-22.49,-31.16,165,202,189
Monmouth,FCS / Non-FBS,1,-1.76,-29.94,-31.7,115,215,190
Mercer,FCS / Non-FBS,1,-16.64,-15.52,-32.16,197,184,191
Houston Christian,FCS / Non-FBS,2,-22.73,-9.67,-32.4,224,163,192
Sacred Heart,FCS / Non-FBS,1,-17.71,-14.77,-32.48,202,180,193
Utah Tech,FCS / Non-FBS,1,-0.9,-32.0,-32.9,109,218,194
Southern Utah,FCS / Non-FBS,1,-20.1,-13.6,-33.7,212,176,195
Norfolk State,FCS / Non-FBS,2,-17.0,-16.82,-33.82,199,187,196
Robert Morris,FCS / Non-FBS,2,-20.12,-13.87,-33.99,213,177,197
Eastern Illinois,FCS / Non-FBS,1,-7.44,-26.63,-34.07,155,208,198
North Carolina Central,FCS / Non-FBS,1,-13.13,-21.52,-34.66,186,198,199
Fordham,FCS / Non-FBS,2,-19.91,-14.96,-34.87,210,182,200
UC Davis,FCS / Non-FBS,1,-12.7,-22.19,-34.9,181,201,201
Murray State,FCS / Non-FBS,2,-13.1,-21.86,-34.96,184,199,202
Lindenwood,FCS / Non-FBS,2,-22.09,-13.9,-35.99,222,178,203
North Carolina A&T,FCS / Non-FBS,1,-16.63,-20.44,-37.08,196,197,204
Delaware State,FCS / Non-FBS,1,-1.82,-35.28,-37.1,116,227,205
Bucknell,FCS / Non-FBS,1,-12.06,-25.2,-37.26,180,206,206
William & Mary,FCS / Non-FBS,1,-6.35,-31.36,-37.7,149,216,207
Merrimack,FCS / Non-FBS,1,-19.96,-17.95,-37.91,211,190,208
Portland State,FCS / Non-FBS,2,-3.55,-35.14,-38.69,128,226,209
Grambling,FCS / Non-FBS,1,-4.07,-35.71,-39.77,135,229,210
Duquesne,FCS / Non-FBS,2,-21.32,-19.47,-40.79,216,195,211
Stony Brook,FCS / Non-FBS,1,-19.02,-22.12,-41.14,207,200,212
Central Connecticut,FCS / Non-FBS,1,-23.95,-17.42,-41.37,225,189,213
Southern,FCS / Non-FBS,1,-7.83,-34.8,-42.63,159,225,214
Eastern Kentucky,FCS / Non-FBS,1,-19.7,-25.73,-45.43,209,207,215
Bethune-Cookman,FCS / Non-FBS,1,-6.01,-39.68,-45.69,147,232,216
Howard,FCS / Non-FBS,2,-21.68,-24.01,-45.69,220,203,217
Incarnate Word,FCS / Non-FBS,1,-21.32,-24.52,-45.84,217,204,218
Holy Cross,FCS / Non-FBS,1,-26.69,-20.24,-46.93,231,196,219
Bryant,FCS / Non-FBS,1,-20.51,-28.29,-48.8,215,211,220
Western Carolina,FCS / Non-FBS,1,-15.72,-33.09,-48.81,193,221,221
West Georgia,FCS / Non-FBS,2,-20.17,-29.08,-49.25,214,214,222
Wagner,FCS / Non-FBS,2,-18.03,-32.87,-50.9,204,220,223
Morgan State,FCS / Non-FBS,1,-19.11,-35.61,-54.72,208,228,224
Lafayette,FCS / Non-FBS,1,-26.15,-28.86,-55.01,230,213,225
Mercyhurst,FCS / Non-FBS,3,-21.76,-34.28,-56.03,221,224,226
Nicholls,FCS / Non-FBS,2,-22.26,-34.09,-56.34,223,223,227
Hampton,FCS / Non-FBS,1,-21.53,-36.45,-57.98,218,230,228
VMI,FCS / Non-FBS,1,-24.42,-33.67,-58.09,226,222,229
Texas Southern,FCS / Non-FBS,2,-28.22,-32.18,-60.4,233,219,230
Northwestern State,FCS / Non-FBS,1,-17.27,-46.03,-63.3,200,235,231
New Hampshire,FCS / Non-FBS,1,-24.92,-38.6,-63.52,228,231,232
Alcorn State,FCS / Non-FBS,1,-37.24,-26.85,-64.09,235,209,233
Richmond,FCS / Non-FBS,1,-24.44,-40.36,-64.8,227,233,234
Mississippi Valley State,FCS / Non-FBS,1,-36.07,-40.91,-76.98,234,234,235
