Date,Home Team,Home Score,Away Team,Away Score
2026-08-29,USC,42,San José State,26
2026-08-29,TCU,10,North Carolina,15
2026-08-29,Virginia,34,NC State,8
2026-08-29,North Dakota State,33,Jacksonville State,7
2026-08-29,Eastern Michigan,28,Sacramento State,17
2026-08-29,Stanford,37,Hawai'i,27
2026-08-29,Florida State,34,New Mexico State,17
2026-08-30,UNLV,21,Memphis,27
2026-09-04,Utah,66,Idaho,14
2026-09-04,Missouri,54,Arkansas-Pine Bluff,14
2026-09-03,Rutgers,21,Massachusetts,37
2026-09-03,UCF,73,Bethune-Cookman,6
2026-09-03,Wake Forest,38,Akron,16
2026-09-03,Delaware,42,Merrimack,7
2026-09-03,Kennesaw State,47,West Georgia,0
2026-09-03,Buffalo,21,UAlbany,17
2026-09-04,Georgia Tech,13,Colorado,14
2026-09-04,Minnesota,59,Eastern Illinois,7
2026-09-04,Illinois,42,UAB,23
2026-09-05,Stanford,6,Miami,45
2026-09-05,Oklahoma,51,UTEP,0
2026-09-05,USC,39,Fresno State,0
2026-09-04,Eastern Michigan,21,San José State,27
2026-09-04,Purdue,44,Indiana State,19
2026-09-04,Georgia State,59,North Carolina A&T,10
2026-09-05,Kansas,51,Long Island University,6
2026-09-05,Michigan State,30,Toledo,20
2026-09-05,Ohio State,56,Ball State,3
2026-09-05,Oregon,34,Boise State,27
2026-09-05,Georgia,63,Tennessee State,3
2026-09-05,Texas,59,Texas State,7
2026-09-05,Indiana,52,North Texas,16
2026-09-05,Texas A&M,50,Missouri State,0
2026-09-06,LSU,51,Clemson,10
2026-09-05,Texas Tech,33,Abilene Christian,10
2026-09-05,Alabama,48,East Carolina,10
2026-09-06,BYU,63,Utah Tech,7
2026-09-05,Michigan,13,Western Michigan,12
2026-09-05,Penn State,45,Marshall,0
2026-09-05,Tennessee,56,Furman,9
2026-09-05,Iowa,40,Northern Illinois,0
2026-09-05,Houston,33,Oregon State,20
2026-09-05,West Virginia,31,Coastal Carolina,24
2026-09-05,Syracuse,66,New Hampshire,3
2026-09-05,Nebraska,49,Ohio,21
2026-09-05,UConn,56,Lafayette,7
2026-09-05,Army,59,Bryant,3
2026-09-05,Bowling Green,13,Tarleton State,20
2026-09-05,James Madison,20,Liberty,13
2026-09-05,Pittsburgh,59,Miami (OH),14
2026-09-05,South Carolina,57,Kent State,0
2026-09-05,Kentucky,45,Youngstown State,13
2026-09-05,Iowa State,38,Southeast Missouri State,10
2026-09-05,Air Force,34,Duquesne,0
2026-09-05,Temple,38,Rhode Island,14
2026-09-05,Auburn,17,Baylor,16
2026-09-05,Cincinnati,34,Boston College,15
2026-09-05,Duke,17,Tulane,3
2026-09-05,Charlotte,41,The Citadel,43
2026-09-05,Navy,42,Towson,15
2026-09-05,UTSA,45,UT Rio Grande Valley,16
2026-09-05,North Dakota State,38,Fordham,0
2026-09-05,App State,55,Maine,3
2026-09-05,Tulsa,24,Oklahoma State,10
2026-09-05,Arkansas,31,North Alabama,14
2026-09-05,Southern Miss,49,Alcorn State,3
2026-09-05,Colorado State,35,Wyoming,13
2026-09-05,Old Dominion,31,Norfolk State,10
2026-09-05,Vanderbilt,28,Austin Peay,9
2026-09-05,Kansas State,71,Nicholls,3
2026-09-05,Utah State,17,Idaho State,29
2026-09-05,Memphis,42,Arkansas State,24
2026-09-05,Rice,31,Houston Christian,3
2026-09-05,South Florida,19,Florida International,9
2026-09-05,Jacksonville State,49,Eastern Kentucky,7
2026-09-05,Georgia Southern,31,Charleston Southern,0
2026-09-05,South Alabama,39,SE Louisiana,14
2026-09-05,Troy,24,Sam Houston,21
2026-09-05,Mississippi State,62,UL Monroe,13
2026-09-05,Virginia Tech,73,VMI,3
2026-09-05,Louisiana Tech,80,Northwestern State,6
2026-09-05,Florida,66,Florida Atlantic,21
2026-09-05,Middle Tennessee,38,Murray State,14
2026-09-06,Maryland,62,Hampton,0
2026-09-06,Northwestern,34,South Dakota State,18
2026-09-06,Louisiana,38,Lamar,7
2026-09-06,New Mexico State,51,Mercyhurst,14
2026-09-06,Arizona,35,Northern Arizona,7
2026-09-06,San Diego State,53,Portland State,20
2026-09-06,Arizona State,70,Morgan State,7
2026-09-06,Hawai'i,6,UNLV,21
2026-09-06,New Mexico,38,Central Michigan,7
2026-09-06,Sacramento State,52,Mississippi Valley State,0
2026-09-06,California,24,UCLA,45
2026-09-06,Nevada,49,Western Kentucky,14
2026-09-06,Notre Dame,41,Wisconsin,13
2026-09-06,Ole Miss,41,Louisville,38
2026-09-06,Washington,24,Washington State,10
2026-09-07,Florida State,24,SMU,27
2026-09-11,Miami,77,Florida A&M,7
2026-09-12,Kansas,21,Missouri,38
2026-09-11,Louisville,59,Villanova,13
2026-09-11,Virginia,59,Norfolk State,3
2026-09-11,NC State,73,Richmond,0
2026-09-11,Boston College,28,Rutgers,21
2026-09-12,Texas,24,Ohio State,23
2026-09-12,Georgia,70,Western Kentucky,20
2026-09-12,Notre Dame,52,Rice,0
2026-09-12,Indiana,55,Howard,0
2026-09-12,Oklahoma State,39,Oregon,31
2026-09-12,LSU,45,Louisiana Tech,14
2026-09-12,Ole Miss,41,Charlotte,9
2026-09-12,Texas A&M,48,Arizona State,20
2026-09-12,Michigan,17,Oklahoma,10
2026-09-12,Kentucky,17,Alabama,45
2026-09-12,Oregon State,24,Texas Tech,35
2026-09-13,USC,49,Louisiana,30
2026-09-12,BYU,28,Arizona,17
2026-09-12,Temple,9,Penn State,27
2026-09-12,SMU,56,UC Davis,10
2026-09-12,Georgia Tech,24,Tennessee,45
2026-09-12,Washington,16,Utah State,14
2026-09-13,Utah,43,Arkansas,10
2026-09-12,Iowa,16,Iowa State,13
2026-09-12,Houston,77,Southern,6
2026-09-12,Kansas State,34,Washington State,7
2026-09-12,North Carolina,35,East Tennessee State,3
2026-09-12,Virginia Tech,44,Old Dominion,21
2026-09-12,Purdue,36,Wake Forest,38
2026-09-12,Army,24,South Florida,28
2026-09-12,East Carolina,24,App State,27
2026-09-12,Kent State,36,Wofford,15
2026-09-12,James Madison,87,Wagner,3
2026-09-12,Liberty,24,Gardner-Webb,23
2026-09-12,West Virginia,52,UT Martin,7
2026-09-12,Central Michigan,13,Colgate,10
2026-09-12,Miami (OH),45,Holy Cross,7
2026-09-12,Ball State,41,Stony Brook,17
2026-09-12,Minnesota,13,Mississippi State,38
2026-09-12,Colorado,52,Weber State,21
2026-09-12,Pittsburgh,12,UCF,7
2026-09-12,Syracuse,18,California,21
2026-09-12,Illinois,27,Duke,31
2026-09-12,Michigan State,35,Eastern Michigan,7
2026-09-12,UConn,14,Maryland,38
2026-09-12,Texas State,26,UTSA,31
2026-09-12,UAB,26,UL Monroe,20
2026-09-12,Akron,45,Robert Morris,10
2026-09-12,Toledo,63,Central Connecticut,10
2026-09-12,Massachusetts,37,Sacred Heart,10
2026-09-12,North Texas,44,UNLV,6
2026-09-12,Wyoming,21,Northern Colorado,13
2026-09-12,New Mexico,70,Mercyhurst,7
2026-09-12,Troy,34,Alabama State,17
2026-09-12,Vanderbilt,35,Delaware,26
2026-09-12,Florida,52,Campbell,3
2026-09-12,Boise State,38,Memphis,20
2026-09-12,Florida International,33,Buffalo,20
2026-09-12,Ohio,29,Jacksonville State,27
2026-09-12,Western Michigan,49,Monmouth,14
2026-09-12,South Carolina,45,Towson,9
2026-09-12,Cincinnati,62,Western Carolina,10
2026-09-12,Nebraska,56,Bowling Green,7
2026-09-12,Colorado State,58,Southern Utah,24
2026-09-12,Sam Houston,17,Tulsa,23
2026-09-12,Northern Illinois,24,Illinois State,28
2026-09-12,Tulane,28,South Alabama,24
2026-09-12,Arkansas State,52,West Georgia,7
2026-09-12,Kennesaw State,17,Georgia State,31
2026-09-12,Marshall,28,Middle Tennessee,26
2026-09-12,Missouri State,48,Lindenwood,14
2026-09-12,UCLA,28,San Diego State,10
2026-09-12,Wisconsin,36,Western Illinois,9
2026-09-12,Florida Atlantic,38,Navy,30
2026-09-12,Coastal Carolina,45,Fordham,7
2026-09-13,TCU,63,Grambling,7
2026-09-13,Baylor,44,Prairie View A&M,3
2026-09-13,Auburn,43,Southern Miss,8
2026-09-13,San José State,30,Cal Poly,20
2026-09-13,UTEP,51,Texas Southern,10
2026-09-13,Clemson,22,Georgia Southern,7
2026-09-13,Air Force,32,North Dakota State,38
2026-09-13,Fresno State,49,Sacramento State,3
2026-09-13,Nevada,7,Montana State,20
2026-09-13,Hawai'i,29,New Mexico State,19
2026-09-17,Pittsburgh,27,Syracuse,13
2026-09-18,Wake Forest,20,Miami,33
2026-09-19,Texas Tech,28,Houston,26
2026-09-19,Oregon,84,Portland State,0
2026-09-20,Texas,30,UTSA,6
2026-09-19,Arkansas,17,Georgia,45
2026-09-19,Notre Dame,27,Michigan State,10
2026-09-19,Indiana,38,Western Kentucky,0
2026-09-19,Ohio State,59,Kent State,3
2026-09-19,Ole Miss,32,LSU,24
2026-09-19,Texas A&M,21,Kentucky,31
2026-09-19,Alabama,50,Florida State,36
2026-09-20,Colorado State,23,BYU,41
2026-09-19,Rutgers,35,USC,42
2026-09-19,Penn State,55,Buffalo,13
2026-09-19,Tennessee,42,Kennesaw State,9
2026-09-19,Louisville,41,SMU,31
2026-09-19,Utah,33,Utah State,0
2026-09-19,Iowa,55,Northern Iowa,0
2026-09-19,Michigan,52,UTEP,17
2026-09-19,Missouri,27,Troy,17
2026-09-19,Oklahoma,14,New Mexico,6
2026-09-19,Virginia,27,West Virginia,38
2026-09-19,Delaware,22,Coastal Carolina,14
2026-09-19,Kansas State,31,Tulane,20
2026-09-19,Iowa State,55,Bowling Green,7
2026-09-19,Kansas,17,Arizona State,24
2026-09-19,Georgia Tech,44,Mercer,11
2026-09-19,Clemson,28,North Carolina,20
2026-09-19,Minnesota,41,Akron,7
2026-09-19,Texas State,49,North Texas,35
2026-09-19,Wisconsin,54,Eastern Michigan,10
2026-09-19,Vanderbilt,35,NC State,31
2026-09-19,Central Michigan,24,Wyoming,10
2026-09-19,Boston College,22,Maine,16
2026-09-19,Illinois,48,Southern Illinois,10
2026-09-19,Toledo,49,Temple,48
2026-09-19,Cincinnati,35,Miami (OH),31
2026-09-19,California,49,Wagner,7
2026-09-19,Washington State,48,Duquesne,7
2026-09-19,Massachusetts,36,Stonehill,14
2026-09-19,Duke,35,Stanford,7
2026-09-19,Liberty,51,Ball State,15
2026-09-19,Baylor,36,Louisiana Tech,19
2026-09-19,UL Monroe,35,SE Louisiana,38
2026-09-19,South Carolina,34,Mississippi State,41
2026-09-19,Old Dominion,17,East Carolina,20
2026-09-19,Florida Atlantic,16,Florida International,10
2026-09-19,Missouri State,24,Marshall,30
2026-09-19,Auburn,39,Florida,44
2026-09-19,UCF,44,Georgia State,30
2026-09-19,Oklahoma State,59,Murray State,0
2026-09-19,Southern Miss,20,UConn,48
2026-09-19,Memphis,45,UT Martin,21
2026-09-19,Rice,21,Western Michigan,28
2026-09-19,South Florida,59,Delaware State,17
2026-09-19,Middle Tennessee,27,Nevada,20
2026-09-19,South Alabama,41,Ohio,36
2026-09-19,Jacksonville State,31,Georgia Southern,27
2026-09-19,Sam Houston,59,Nicholls,0
2026-09-19,Nebraska,34,North Dakota,7
2026-09-19,Washington,48,Eastern Washington,16
2026-09-19,Northwestern,41,Colorado,7
2026-09-19,Maryland,26,Virginia Tech,35
2026-09-20,TCU,31,Arkansas State,7
2026-09-20,Tulsa,42,East Texas A&M,0
2026-09-20,Louisiana,21,UAB,14
2026-09-20,App State,26,Charlotte,21
2026-09-20,Boise State,38,South Dakota,24
2026-09-20,San Diego State,13,James Madison,26
2026-09-20,Arizona,42,Northern Illinois,17
2026-09-20,Sacramento State,10,North Dakota State,31
2026-09-20,UCLA,52,Purdue,38
2026-09-20,Oregon State,52,Montana,17
2026-09-20,San José State,10,Fresno State,26
2026-09-24,Coastal Carolina,17,Liberty,34
2026-09-26,Indiana,29,Northwestern,23
2026-09-25,Temple,17,Army,21
2026-09-25,Rutgers,58,Howard,7
2026-09-25,UAB,24,Navy,20
2026-09-26,California,10,Clemson,24
2026-09-26,Tennessee,17,Texas,20
2026-09-26,Georgia,41,Oklahoma,13
2026-09-26,Purdue,10,Notre Dame,49
2026-09-26,Florida,52,Ole Miss,28
2026-09-26,Miami,52,Central Michigan,3
2026-09-26,Ohio State,42,Illinois,19
2026-09-26,Alabama,49,South Carolina,18
2026-09-26,LSU,35,Texas A&M,6
2026-09-26,Texas Tech,49,Sam Houston,14
2026-09-26,USC,27,Oregon,41
2026-09-26,Penn State,20,Wisconsin,24
2026-09-26,Iowa State,17,Utah,31
2026-09-26,Louisville,27,Wake Forest,30
2026-09-26,Michigan,19,Iowa,20
2026-09-26,Mississippi State,31,Missouri,24
2026-09-27,SMU,34,Missouri State,24
2026-09-26,Georgia Southern,28,Houston,42
2026-09-26,Baylor,23,Colorado,13
2026-09-26,Pittsburgh,59,Bucknell,0
2026-09-26,Boston College,14,Virginia Tech,21
2026-09-26,Toledo,41,San Diego State,16
2026-09-26,UTSA,59,Colorado State,45
2026-09-26,Akron,10,UNLV,38
2026-09-26,Kent State,26,Ball State,13
2026-09-26,Kentucky,45,South Alabama,21
2026-09-26,Eastern Michigan,29,Lindenwood,3
2026-09-26,Maryland,3,UCLA,54
2026-09-26,Georgia State,35,Northern Illinois,14
2026-09-26,Florida State,34,Central Arkansas,7
2026-09-26,Wyoming,27,Hawai'i,10
2026-09-26,UCF,21,TCU,13
2026-09-26,Duke,62,William & Mary,7
2026-09-26,Western Michigan,7,Boise State,32
2026-09-26,Miami (OH),24,UConn,21
2026-09-26,New Mexico State,18,New Mexico,42
2026-09-26,Buffalo,31,Robert Morris,28
2026-09-26,Ohio,35,Stonehill,7
2026-09-26,Marshall,36,Gardner-Webb,35
2026-09-26,East Carolina,42,North Carolina Central,9
2026-09-26,Auburn,21,Vanderbilt,15
2026-09-26,Michigan State,13,Nebraska,31
2026-09-26,Bowling Green,6,South Florida,14
2026-09-26,Virginia,42,Delaware,3
2026-09-26,Texas State,63,Incarnate Word,10
2026-09-26,Florida International,20,Long Island University,3
2026-09-26,Old Dominion,20,James Madison,46
2026-09-26,Charlotte,7,Louisiana,34
2026-09-26,Cincinnati,31,Kansas State,26
2026-09-26,West Virginia,24,Oklahoma State,41
2026-09-26,Tulane,24,Southern Miss,21
2026-09-26,Arkansas State,17,Kennesaw State,14
2026-09-26,Western Kentucky,52,Mercyhurst,7
2026-09-26,Jacksonville State,23,Middle Tennessee,13
2026-09-26,Washington State,24,Arizona,34
2026-09-26,Utah State,21,Troy,10
2026-09-26,North Texas,63,Houston Christian,14
2026-09-26,NC State,41,App State,31
2026-09-27,Arkansas,34,Tulsa,6
2026-09-27,UL Monroe,17,Florida Atlantic,45
2026-09-27,UTEP,7,Oregon State,33
2026-09-27,Sacramento State,6,Massachusetts,35
2026-09-27,Fresno State,38,Rice,24
2026-09-27,Stanford,34,Georgia Tech,27
2026-09-27,Nevada,33,Air Force,36
2026-09-27,Washington,24,Minnesota,27
2026-10-02,New Mexico State,34,Western Kentucky,13
2026-10-02,Tulsa,44,North Texas,45
2026-10-02,Virginia Tech,33,Pittsburgh,35
2026-10-02,Delaware,14,Liberty,30
2026-10-03,Northwestern,34,Penn State,13
2026-10-03,Georgia,38,Vanderbilt,14
2026-10-03,North Carolina,26,Notre Dame,37
2026-10-03,Clemson,13,Miami,41
2026-10-03,Iowa,14,Ohio State,31
2026-10-04,Rutgers,15,Indiana,47
2026-10-03,Mississippi State,23,Alabama,56
2026-10-03,Missouri,45,Florida,17
2026-10-03,TCU,10,BYU,17
2026-10-03,LSU,63,McNeese,14
2026-10-03,Colorado,7,Texas Tech,29
2026-10-03,Tennessee,24,Auburn,14
2026-10-03,USC,25,Washington,21
2026-10-03,Houston,27,UCF,17
2026-10-03,SMU,25,Boston College,16
2026-10-03,Boise State,37,Utah State,18
2026-10-03,South Carolina,34,Kentucky,35
2026-10-03,Charlotte,8,Memphis,59
2026-10-03,Kansas,55,Middle Tennessee,0
2026-10-03,Iowa State,45,West Virginia,42
2026-10-03,Wake Forest,57,Stanford,3
2026-10-03,UConn,41,Syracuse,42
2026-10-03,Minnesota,20,Michigan,14
2026-10-03,Air Force,14,Navy,9
2026-10-03,Wisconsin,31,Michigan State,3
2026-10-03,Buffalo,17,Western Michigan,20
2026-10-03,Ball State,24,Toledo,39
2026-10-03,UNLV,39,California,31
2026-10-03,NC State,31,Louisville,28
2026-10-03,Florida State,38,Virginia,7
2026-10-03,UAB,33,Samford,14
2026-10-03,North Dakota State,28,Wyoming,0
2026-10-03,Central Michigan,41,Akron,17
2026-10-03,Massachusetts,14,Eastern Michigan,38
2026-10-03,Kent State,10,Ohio,13
2026-10-03,Miami (OH),20,Bowling Green,24
2026-10-03,Georgia State,42,Old Dominion,10
2026-10-03,James Madison,45,Marshall,17
2026-10-03,Nebraska,48,Maryland,23
2026-10-03,New Mexico,61,UTEP,7
2026-10-03,Illinois,17,Purdue,24
2026-10-03,Colorado State,26,Oregon State,56
2026-10-03,Florida Atlantic,66,Texas Southern,10
2026-10-03,Texas A&M,34,Arkansas,7
2026-10-03,Rice,14,UTSA,16
2026-10-03,Coastal Carolina,24,Georgia Southern,31
2026-10-03,South Alabama,52,UL Monroe,35
2026-10-03,South Florida,13,Temple,17
2026-10-03,Louisiana Tech,31,Army,29
2026-10-04,Louisiana,23,Arkansas State,20
2026-10-04,Washington State,6,Fresno State,26
2026-10-04,Arizona State,19,Baylor,55
2026-10-04,San Diego State,31,Texas State,29
2026-10-04,Arizona,34,Cincinnati,7
2026-10-04,Hawai'i,16,San José State,20
